{
    "N256_L2_ReLU": {
        "Train Loss": 0.0009066007400397212,
        "Training Time": 10.520100116729736,
        "Test R2": -1.224280834197998,
        "Losses": [
            0.9696702480870398,
            0.9545175587532344,
            0.9867233758016509,
            0.9484196925473041,
            0.9547378887739804
        ]
    },
    "N256_L2_LeakyReLU": {
        "Train Loss": 0.0008133997670374811,
        "Training Time": 10.992650985717773,
        "Test R2": -0.8972173929214478,
        "Losses": [
            0.9830946882173734,
            0.9760738218011716,
            0.9937825853445879,
            0.9433976556458273,
            0.9523331158348622
        ]
    },
    "N256_L2_Sigmoid": {
        "Train Loss": 0.0014544583912938834,
        "Training Time": 14.797730445861816,
        "Test R2": 0.34438812732696533,
        "Losses": [
            0.9797516687817109,
            0.9726632617672244,
            0.9574703951265637,
            0.9557633305297791,
            0.9741000024186959
        ]
    },
    "N256_L2_Tanh": {
        "Train Loss": 0.0002669626722345129,
        "Training Time": 13.79809832572937,
        "Test R2": 0.5895951390266418,
        "Losses": [
            0.9882854838528583,
            0.9921857471777298,
            0.9967986395877091,
            0.9566778482675238,
            0.9854547400867382
        ]
    },
    "N256_L2_None": {
        "Train Loss": 0.006105361396446824,
        "Training Time": 12.571666955947876,
        "Test R2": -22.066761016845703,
        "Losses": [
            0.9629809395307655,
            0.9688318687402688,
            0.9914139168637132,
            0.7179061106765954,
            0.9426573568182772
        ]
    },
    "N256_L3_ReLU": {
        "Train Loss": 0.0008969627828337252,
        "Training Time": 18.184468269348145,
        "Test R2": 0.3527286946773529,
        "Losses": [
            0.979002234120222,
            0.985267329067722,
            0.9902768942551842,
            0.9313824691388736,
            0.9123287398653744
        ]
    },
    "N256_L3_LeakyReLU": {
        "Train Loss": 0.0008712480203248561,
        "Training Time": 28.369516134262085,
        "Test R2": 0.30241936445236206,
        "Losses": [
            0.964992530069233,
            0.9836652489786559,
            0.9632537415241009,
            0.9255320554300768,
            0.9084914217769267
        ]
    },
    "N256_L3_Sigmoid": {
        "Train Loss": 0.0016062865080311893,
        "Training Time": 19.977552890777588,
        "Test R2": 0.26677462458610535,
        "Losses": [
            0.9152278607707096,
            0.9737361892324323,
            0.9868461446066544,
            0.9060839087995172,
            0.7930962184152326
        ]
    },
    "N256_L3_Tanh": {
        "Train Loss": 0.0005520421550609171,
        "Training Time": 18.646645069122314,
        "Test R2": 0.5453592538833618,
        "Losses": [
            0.9769677660532192,
            0.9774459451353087,
            0.9930143248175922,
            0.9334529620069223,
            0.9414154335136404
        ]
    },
    "N256_L3_None": {
        "Train Loss": 0.06592626155167818,
        "Training Time": 18.12610173225403,
        "Test R2": -105.89389038085938,
        "Losses": [
            0.6963692982712273,
            0.7603650209357082,
            0.8663674948654284,
            0.5991767765989111,
            0.5483009787108093
        ]
    },
    "N256_L4_ReLU": {
        "Train Loss": 0.0008544717007316648,
        "Training Time": 27.966158390045166,
        "Test R2": 0.32270196080207825,
        "Losses": [
            0.9600083446124547,
            0.986874129598726,
            0.9900120357045064,
            0.9117333201030962,
            0.8905064020694302
        ]
    },
    "N256_L4_LeakyReLU": {
        "Train Loss": 0.0007092153211124241,
        "Training Time": 26.95004653930664,
        "Test R2": 0.404793918132782,
        "Losses": [
            0.9687593382480375,
            0.9882259630662061,
            0.9907653374562496,
            0.918243377435041,
            0.8595384583766542
        ]
    },
    "N256_L4_Sigmoid": {
        "Train Loss": 0.004474059212952852,
        "Training Time": 27.18771767616272,
        "Test R2": 0.12694577872753143,
        "Losses": [
            0.04604326651351798,
            0.7759346157366817,
            0.8775169198587867,
            0.5674919473495361,
            0.07970493833949877
        ]
    },
    "N256_L4_Tanh": {
        "Train Loss": 0.000623314949683845,
        "Training Time": 26.90230679512024,
        "Test R2": 0.47526898980140686,
        "Losses": [
            0.985135135942683,
            0.9801511020462206,
            0.9578720214195907,
            0.9465019095049595,
            0.9359735403849861
        ]
    },
    "N256_L4_None": {
        "Train Loss": 0.40586170637607577,
        "Training Time": 25.496501445770264,
        "Test R2": -501.0223388671875,
        "Losses": [
            0.35335668720236724,
            -0.14817111552236684,
            -0.1968566214129197,
            -0.2999428223130909,
            -0.7099823502402791
        ]
    },
    "N256_L5_ReLU": {
        "Train Loss": 0.0011569438290316611,
        "Training Time": 38.759217500686646,
        "Test R2": 0.35275474190711975,
        "Losses": [
            0.9245099121184716,
            0.9788953476636284,
            0.993023030447699,
            0.9003306063879817,
            0.894277173585585
        ]
    },
    "N256_L5_LeakyReLU": {
        "Train Loss": 0.001290452692657709,
        "Training Time": 37.408472537994385,
        "Test R2": 0.34987059235572815,
        "Losses": [
            0.9214934259614628,
            0.9820606894370809,
            0.9800328324269562,
            0.8843604486244909,
            0.8965984706479911
        ]
    },
    "N256_L5_Sigmoid": {
        "Train Loss": 0.005713303096592426,
        "Training Time": 41.90910458564758,
        "Test R2": -0.06452176719903946,
        "Losses": [
            -0.011851854430703801,
            0.6755711068610148,
            0.1731939760725011,
            0.592586459873687,
            0.015881617169844375
        ]
    },
    "N256_L5_Tanh": {
        "Train Loss": 0.0006612469698302447,
        "Training Time": 42.81850743293762,
        "Test R2": 0.4367567300796509,
        "Losses": [
            0.9913686490128186,
            0.9836911355697121,
            0.9948337289488498,
            0.9512270809528428,
            0.9324333543615241
        ]
    },
    "N256_L5_None": {
        "Train Loss": 0.299481029599905,
        "Training Time": 35.762351751327515,
        "Test R2": -353.7555236816406,
        "Losses": [
            -0.6111906469261943,
            -0.13203713087111946,
            0.3875754526037125,
            -0.3100274080659102,
            -0.4329037323800302
        ]
    },
    "N512_L2_ReLU": {
        "Train Loss": 0.0006066608598921448,
        "Training Time": 45.75877118110657,
        "Test R2": -6.249927520751953,
        "Losses": [
            0.9325146983349968,
            0.9072519761461872,
            0.9550161077894187,
            0.9112783774373462,
            0.8053335097281005
        ]
    },
    "N512_L2_LeakyReLU": {
        "Train Loss": 0.0009297254879493266,
        "Training Time": 45.62659287452698,
        "Test R2": -19.875869750976562,
        "Losses": [
            0.9085695915615197,
            0.7833392954801379,
            0.8943329527238931,
            0.8364475569878651,
            0.6523582948112003
        ]
    },
    "N512_L2_Sigmoid": {
        "Train Loss": 0.0005717497882433236,
        "Training Time": 44.145782709121704,
        "Test R2": 0.27825063467025757,